Workbook

Sheet README
A1: Project For Your Health - Tracker Workbook
A3: This workbook is a companion to the markdown files in the project folder, not a replacement.
A4: food-log.md, spending-log.md, grocery-purchases.md, and profile-and-targets.md remain the
A5: canonical, append-only record. Claude updates this workbook to match them each time a new
A6: entry is logged, so the numbers here should always match the markdown files as of the last
A7: update. If the two ever disagree, the markdown files are correct.
A9: TABS
A10: Daily Summary - one row per day, actuals vs. calorie/protein/carb/fat targets. Auto-calculates
A11: from Food Log by date; formulas are pre-built ~220 rows ahead.
A12: Weekly Rollup - Monday-Sunday weeks, macro averages and spending by category. Auto-calculates
A13: from Daily Summary and Spending Log; pre-built ~40 weeks ahead (a generous
A14: buffer past a typical multi-month timeline).
... A40: pattern from the last existing row down, do not hand-type new formula logic.

Sheet Daily Summary
A1: Daily Summary vs Targets
A2: One row per day. Add the date in column A for any day with Food Log entries - everything else calculates automatically. Diff columns: negative means under target, positive means over.
A4: Date | B4: Calories | C4: Protein (g) | D4: Carbs (g) | E4: Fat (g) | F4: Alcohol Cal | G4: Cal Target | H4: Protein Target | I4: Carb Target | J4: Fat Target | K4: Cal Diff | L4: Protein Diff | M4: Carb Diff | N4: Fat Diff
B5: =IF(A5="","",SUMIFS('Food Log'!C:C,'Food Log'!A:A,A5)) | C5: =IF(A5="","",SUMIFS('Food Log'!D:D,'Food Log'!A:A,A5)) | D5: =IF(A5="","",SUMIFS('Food Log'!E:E,'Food Log'!A:A,A5)) | E5: =IF(A5="","",SUMIFS('Food Log'!F:F,'Food Log'!A:A,A5)) | F5: =IF(A5="","",SUMIFS('Food Log'!C:C,'Food Log'!A:A,A5,'Food Log'!G:G,"Yes*")) | G5: =IF(A5="","",'Profile & Targets'!$B$24) | H5: =IF(A5="","",'Profile & Targets'!$B$25) | I5: =IF(A5="","",'Profile & Targets'!$B$27) | J5: =IF(A5="","",'Profile & Targets'!$B$26) | K5: =IF(A5="","",B5-G5) | L5: =IF(A5="","",C5-H5) | M5: =IF(A5="","",D5-I5) | N5: =IF(A5="","",E5-J5)
B6: =IF(A6="","",SUMIFS('Food Log'!C:C,'Food Log'!A:A,A6)) | C6: =IF(A6="","",SUMIFS('Food Log'!D:D,'Food Log'!A:A,A6)) | D6: =IF(A6="","",SUMIFS('Food Log'!E:E,'Food Log'!A:A,A6)) | E6: =IF(A6="","",SUMIFS('Food Log'!F:F,'Food Log'!A:A,A6)) | F6: =IF(A6="","",SUMIFS('Food Log'!C:C,'Food Log'!A:A,A6,'Food Log'!G:G,"Yes*")) | G6: =IF(A6="","",'Profile & Targets'!$B$24) | H6: =IF(A6="","",'Profile & Targets'!$B$25) | I6: =IF(A6="","",'Profile & Targets'!$B$27) | J6: =IF(A6="","",'Profile & Targets'!$B$26) | K6: =IF(A6="","",B6-G6) | L6: =IF(A6="","",C6-H6) | M6: =IF(A6="","",D6-I6) | N6: =IF(A6="","",E6-J6)
B7: =IF(A7="","",SUMIFS('Food Log'!C:C,'Food Log'!A:A,A7)) | C7: =IF(A7="","",SUMIFS('Food Log'!D:D,'Food Log'!A:A,A7)) | D7: =IF(A7="","",SUMIFS('Food Log'!E:E,'Food Log'!A:A,A7)) | E7: =IF(A7="","",SUMIFS('Food Log'!F:F,'Food Log'!A:A,A7)) | F7: =IF(A7="","",SUMIFS('Food Log'!C:C,'Food Log'!A:A,A7,'Food Log'!G:G,"Yes*")) | G7: =IF(A7="","",'Profile & Targets'!$B$24) | H7: =IF(A7="","",'Profile & Targets'!$B$25) | I7: =IF(A7="","",'Profile & Targets'!$B$27) | J7: =IF(A7="","",'Profile & Targets'!$B$26) | K7: =IF(A7="","",B7-G7) | L7: =IF(A7="","",C7-H7) | M7: =IF(A7="","",D7-I7) | N7: =IF(A7="","",E7-J7)
B8: =IF(A8="","",SUMIFS('Food Log'!C:C,'Food Log'!A:A,A8)) | C8: =IF(A8="","",SUMIFS('Food Log'!D:D,'Food Log'!A:A,A8)) | D8: =IF(A8="","",SUMIFS('Food Log'!E:E,'Food Log'!A:A,A8)) | E8: =IF(A8="","",SUMIFS('Food Log'!F:F,'Food Log'!A:A,A8)) | F8: =IF(A8="","",SUMIFS('Food Log'!C:C,'Food Log'!A:A,A8,'Food Log'!G:G,"Yes*")) | G8: =IF(A8="","",'Profile & Targets'!$B$24) | H8: =IF(A8="","",'Profile & Targets'!$B$25) | I8: =IF(A8="","",'Profile & Targets'!$B$27) | J8: =IF(A8="","",'Profile & Targets'!$B$26) | K8: =IF(A8="","",B8-G8) | L8: =IF(A8="","",C8-H8) | M8: =IF(A8="","",D8-I8) | N8: =IF(A8="","",E8-J8)
B9: =IF(A9="","",SUMIFS('Food Log'!C:C,'Food Log'!A:A,A9)) | C9: =IF(A9="","",SUMIFS('Food Log'!D:D,'Food Log'!A:A,A9)) | D9: =IF(A9="","",SUMIFS('Food Log'!E:E,'Food Log'!A:A,A9)) | E9: =IF(A9="","",SUMIFS('Food Log'!F:F,'Food Log'!A:A,A9)) | F9: =IF(A9="","",SUMIFS('Food Log'!C:C,'Food Log'!A:A,A9,'Food Log'!G:G,"Yes*")) | G9: =IF(A9="","",'Profile & Targets'!$B$24) | H9: =IF(A9="","",'Profile & Targets'!$B$25) | I9: =IF(A9="","",'Profile & Targets'!$B$27) | J9: =IF(A9="","",'Profile & Targets'!$B$26) | K9: =IF(A9="","",B9-G9) | L9: =IF(A9="","",C9-H9) | M9: =IF(A9="","",D9-I9) | N9: =IF(A9="","",E9-J9)
B10: =IF(A10="","",SUMIFS('Food Log'!C:C,'Food Log'!A:A,A10)) | C10: =IF(A10="","",SUMIFS('Food Log'!D:D,'Food Log'!A:A,A10)) | D10: =IF(A10="","",SUMIFS('Food Log'!E:E,'Food Log'!A:A,A10)) | E10: =IF(A10="","",SUMIFS('Food Log'!F:F,'Food Log'!A:A,A10)) | F10: =IF(A10="","",SUMIFS('Food Log'!C:C,'Food Log'!A:A,A10,'Food Log'!G:G,"Yes*")) | G10: =IF(A10="","",'Profile & Targets'!$B$24) | H10: =IF(A10="","",'Profile & Targets'!$B$25) | I10: =IF(A10="","",'Profile & Targets'!$B$27) | J10: =IF(A10="","",'Profile & Targets'!$B$26) | K10: =IF(A10="","",B10-G10) | L10: =IF(A10="","",C10-H10) | M10: =IF(A10="","",D10-I10) | N10: =IF(A10="","",E10-J10)
B11: =IF(A11="","",SUMIFS('Food Log'!C:C,'Food Log'!A:A,A11)) | C11: =IF(A11="","",SUMIFS('Food Log'!D:D,'Food Log'!A:A,A11)) | D11: =IF(A11="","",SUMIFS('Food Log'!E:E,'Food Log'!A:A,A11)) | E11: =IF(A11="","",SUMIFS('Food Log'!F:F,'Food Log'!A:A,A11)) | F11: =IF(A11="","",SUMIFS('Food Log'!C:C,'Food Log'!A:A,A11,'Food Log'!G:G,"Yes*")) | G11: =IF(A11="","",'Profile & Targets'!$B$24) | H11: =IF(A11="","",'Profile & Targets'!$B$25) | I11: =IF(A11="","",'Profile & Targets'!$B$27) | J11: =IF(A11="","",'Profile & Targets'!$B$26) | K11: =IF(A11="","",B11-G11) | L11: =IF(A11="","",C11-H11) | M11: =IF(A11="","",D11-I11) | N11: =IF(A11="","",E11-J11)
B12: =IF(A12="","",SUMIFS('Food Log'!C:C,'Food Log'!A:A,A12)) | C12: =IF(A12="","",SUMIFS('Food Log'!D:D,'Food Log'!A:A,A12)) | D12: =IF(A12="","",SUMIFS('Food Log'!E:E,'Food Log'!A:A,A12)) | E12: =IF(A12="","",SUMIFS('Food Log'!F:F,'Food Log'!A:A,A12)) | F12: =IF(A12="","",SUMIFS('Food Log'!C:C,'Food Log'!A:A,A12,'Food Log'!G:G,"Yes*")) | G12: =IF(A12="","",'Profile & Targets'!$B$24) | H12: =IF(A12="","",'Profile & Targets'!$B$25) | I12: =IF(A12="","",'Profile & Targets'!$B$27) | J12: =IF(A12="","",'Profile & Targets'!$B$26) | K12: =IF(A12="","",B12-G12) | L12: =IF(A12="","",C12-H12) | M12: =IF(A12="","",D12-I12) | N12: =IF(A12="","",E12-J12)
B13: =IF(A13="","",SUMIFS('Food Log'!C:C,'Food Log'!A:A,A13)) | C13: =IF(A13="","",SUMIFS('Food Log'!D:D,'Food Log'!A:A,A13)) | D13: =IF(A13="","",SUMIFS('Food Log'!E:E,'Food Log'!A:A,A13)) | E13: =IF(A13="","",SUMIFS('Food Log'!F:F,'Food Log'!A:A,A13)) | F13: =IF(A13="","",SUMIFS('Food Log'!C:C,'Food Log'!A:A,A13,'Food Log'!G:G,"Yes*")) | G13: =IF(A13="","",'Profile & Targets'!$B$24) | H13: =IF(A13="","",'Profile & Targets'!$B$25) | I13: =IF(A13="","",'Profile & Targets'!$B$27) | J13: =IF(A13="","",'Profile & Targets'!$B$26) | K13: =IF(A13="","",B13-G13) | L13: =IF(A13="","",C13-H13) | M13: =IF(A13="","",D13-I13) | N13: =IF(A13="","",E13-J13)
B14: =IF(A14="","",SUMIFS('Food Log'!C:C,'Food Log'!A:A,A14)) | C14: =IF(A14="","",SUMIFS('Food Log'!D:D,'Food Log'!A:A,A14)) | D14: =IF(A14="","",SUMIFS('Food Log'!E:E,'Food Log'!A:A,A14)) | E14: =IF(A14="","",SUMIFS('Food Log'!F:F,'Food Log'!A:A,A14)) | F14: =IF(A14="","",SUMIFS('Food Log'!C:C,'Food Log'!A:A,A14,'Food Log'!G:G,"Yes*")) | G14: =IF(A14="","",'Profile & Targets'!$B$24) | H14: =IF(A14="","",'Profile & Targets'!$B$25) | I14: =IF(A14="","",'Profile & Targets'!$B$27) | J14: =IF(A14="","",'Profile & Targets'!$B$26) | K14: =IF(A14="","",B14-G14) | L14: =IF(A14="","",C14-H14) | M14: =IF(A14="","",D14-I14) | N14: =IF(A14="","",E14-J14)
B15: =IF(A15="","",SUMIFS('Food Log'!C:C,'Food Log'!A:A,A15)) | C15: =IF(A15="","",SUMIFS('Food Log'!D:D,'Food Log'!A:A,A15)) | D15: =IF(A15="","",SUMIFS('Food Log'!E:E,'Food Log'!A:A,A15)) | E15: =IF(A15="","",SUMIFS('Food Log'!F:F,'Food Log'!A:A,A15)) | F15: =IF(A15="","",SUMIFS('Food Log'!C:C,'Food Log'!A:A,A15,'Food Log'!G:G,"Yes*")) | G15: =IF(A15="","",'Profile & Targets'!$B$24) | H15: =IF(A15="","",'Profile & Targets'!$B$25) | I15: =IF(A15="","",'Profile & Targets'!$B$27) | J15: =IF(A15="","",'Profile & Targets'!$B$26) | K15: =IF(A15="","",B15-G15) | L15: =IF(A15="","",C15-H15) | M15: =IF(A15="","",D15-I15) | N15: =IF(A15="","",E15-J15)
B16: =IF(A16="","",SUMIFS('Food Log'!C:C,'Food Log'!A:A,A16)) | C16: =IF(A16="","",SUMIFS('Food Log'!D:D,'Food Log'!A:A,A16)) | D16: =IF(A16="","",SUMIFS('Food Log'!E:E,'Food Log'!A:A,A16)) | E16: =IF(A16="","",SUMIFS('Food Log'!F:F,'Food Log'!A:A,A16)) | F16: =IF(A16="","",SUMIFS('Food Log'!C:C,'Food Log'!A:A,A16,'Food Log'!G:G,"Yes*")) | G16: =IF(A16="","",'Profile & Targets'!$B$24) | H16: =IF(A16="","",'Profile & Targets'!$B$25) | I16: =IF(A16="","",'Profile & Targets'!$B$27) | J16: =IF(A16="","",'Profile & Targets'!$B$26) | K16: =IF(A16="","",B16-G16) | L16: =IF(A16="","",C16-H16) | M16: =IF(A16="","",D16-I16) | N16: =IF(A16="","",E16-J16)
... B224: =IF(A224="","",SUMIFS('Food Log'!C:C,'Food Log'!A:A,A224)) | C224: =IF(A224="","",SUMIFS('Food Log'!D:D,'Food Log'!A:A,A224)) | D224: =IF(A224="","",SUMIFS('Food Log'!E:E,'Food Log'!A:A,A224)) | E224: =IF(A224="","",SUMIFS('Food Log'!F:F,'Food Log'!A:A,A224)) | F224: =IF(A224="","",SUMIFS('Food Log'!C:C,'Food Log'!A:A,A224,'Food Log'!G:G,"Yes*")) | G224: =IF(A224="","",'Profile & Targets'!$B$24) | H224: =IF(A224="","",'Profile & Targets'!$B$25) | I224: =IF(A224="","",'Profile & Targets'!$B$27) | J224: =IF(A224="","",'Profile & Targets'!$B$26) | K224: =IF(A224="","",B224-G224) | L224: =IF(A224="","",C224-H224) | M224: =IF(A224="","",D224-I224) | N224: =IF(A224="","",E224-J224)

Sheet Weekly Rollup
A1: Weekly Rollup
A2: Monday-Sunday weeks, pre-built for ~40 weeks (a generous buffer past a typical multi-month timeline). Averages are per-day-of-week (total / 7), not per-day-logged.
A4: Week Start | B4: Week End | C4: Total Cal | D4: Avg Cal/day | E4: Total Protein (g) | F4: Avg Protein/day | G4: Total Carbs (g) | H4: Avg Carbs/day | I4: Total Fat (g) | J4: Avg Fat/day | K4: Total Alcohol Cal | L4: Groceries $ | M4: Alcohol/Beer $ | N4: Eating Out $ | O4: Other $ | P4: Total Spend $
B5: =A5+6 -> 6 | C5: =SUMIFS('Daily Summary'!B:B,'Daily Summary'!A:A,">="&A5,'Daily Summary'!A:A,"<="&B5) -> 0 | D5: =C5/7 -> 0 | E5: =SUMIFS('Daily Summary'!C:C,'Daily Summary'!A:A,">="&A5,'Daily Summary'!A:A,"<="&B5) -> 0 | F5: =E5/7 -> 0 | G5: =SUMIFS('Daily Summary'!D:D,'Daily Summary'!A:A,">="&A5,'Daily Summary'!A:A,"<="&B5) -> 0 | H5: =G5/7 -> 0 | I5: =SUMIFS('Daily Summary'!E:E,'Daily Summary'!A:A,">="&A5,'Daily Summary'!A:A,"<="&B5) -> 0 | J5: =I5/7 -> 0 | K5: =SUMIFS('Daily Summary'!F:F,'Daily Summary'!A:A,">="&A5,'Daily Summary'!A:A,"<="&B5) -> 0 | L5: =SUMIFS('Spending Log'!D:D,'Spending Log'!A:A,">="&A5,'Spending Log'!A:A,"<="&B5,'Spending Log'!C:C,"Groceries") -> 0 | M5: =SUMIFS('Spending Log'!D:D,'Spending Log'!A:A,">="&A5,'Spending Log'!A:A,"<="&B5,'Spending Log'!C:C,"Alcohol/Beer") -> 0 | N5: =SUMIFS('Spending Log'!D:D,'Spending Log'!A:A,">="&A5,'Spending Log'!A:A,"<="&B5,'Spending Log'!C:C,"Eating Out") -> 0 | O5: =SUMIFS('Spending Log'!D:D,'Spending Log'!A:A,">="&A5,'Spending Log'!A:A,"<="&B5,'Spending Log'!C:C,"Other") -> 0 | P5: =SUM(L5:O5) -> 0
A6: =A5+7 -> 7 | B6: =A6+6 -> 13 | C6: =SUMIFS('Daily Summary'!B:B,'Daily Summary'!A:A,">="&A6,'Daily Summary'!A:A,"<="&B6) -> 0 | D6: =C6/7 -> 0 | E6: =SUMIFS('Daily Summary'!C:C,'Daily Summary'!A:A,">="&A6,'Daily Summary'!A:A,"<="&B6) -> 0 | F6: =E6/7 -> 0 | G6: =SUMIFS('Daily Summary'!D:D,'Daily Summary'!A:A,">="&A6,'Daily Summary'!A:A,"<="&B6) -> 0 | H6: =G6/7 -> 0 | I6: =SUMIFS('Daily Summary'!E:E,'Daily Summary'!A:A,">="&A6,'Daily Summary'!A:A,"<="&B6) -> 0 | J6: =I6/7 -> 0 | K6: =SUMIFS('Daily Summary'!F:F,'Daily Summary'!A:A,">="&A6,'Daily Summary'!A:A,"<="&B6) -> 0 | L6: =SUMIFS('Spending Log'!D:D,'Spending Log'!A:A,">="&A6,'Spending Log'!A:A,"<="&B6,'Spending Log'!C:C,"Groceries") -> 0 | M6: =SUMIFS('Spending Log'!D:D,'Spending Log'!A:A,">="&A6,'Spending Log'!A:A,"<="&B6,'Spending Log'!C:C,"Alcohol/Beer") -> 0 | N6: =SUMIFS('Spending Log'!D:D,'Spending Log'!A:A,">="&A6,'Spending Log'!A:A,"<="&B6,'Spending Log'!C:C,"Eating Out") -> 0 | O6: =SUMIFS('Spending Log'!D:D,'Spending Log'!A:A,">="&A6,'Spending Log'!A:A,"<="&B6,'Spending Log'!C:C,"Other") -> 0 | P6: =SUM(L6:O6) -> 0
A7: =A6+7 -> 14 | B7: =A7+6 -> 20 | C7: =SUMIFS('Daily Summary'!B:B,'Daily Summary'!A:A,">="&A7,'Daily Summary'!A:A,"<="&B7) -> 0 | D7: =C7/7 -> 0 | E7: =SUMIFS('Daily Summary'!C:C,'Daily Summary'!A:A,">="&A7,'Daily Summary'!A:A,"<="&B7) -> 0 | F7: =E7/7 -> 0 | G7: =SUMIFS('Daily Summary'!D:D,'Daily Summary'!A:A,">="&A7,'Daily Summary'!A:A,"<="&B7) -> 0 | H7: =G7/7 -> 0 | I7: =SUMIFS('Daily Summary'!E:E,'Daily Summary'!A:A,">="&A7,'Daily Summary'!A:A,"<="&B7) -> 0 | J7: =I7/7 -> 0 | K7: =SUMIFS('Daily Summary'!F:F,'Daily Summary'!A:A,">="&A7,'Daily Summary'!A:A,"<="&B7) -> 0 | L7: =SUMIFS('Spending Log'!D:D,'Spending Log'!A:A,">="&A7,'Spending Log'!A:A,"<="&B7,'Spending Log'!C:C,"Groceries") -> 0 | M7: =SUMIFS('Spending Log'!D:D,'Spending Log'!A:A,">="&A7,'Spending Log'!A:A,"<="&B7,'Spending Log'!C:C,"Alcohol/Beer") -> 0 | N7: =SUMIFS('Spending Log'!D:D,'Spending Log'!A:A,">="&A7,'Spending Log'!A:A,"<="&B7,'Spending Log'!C:C,"Eating Out") -> 0 | O7: =SUMIFS('Spending Log'!D:D,'Spending Log'!A:A,">="&A7,'Spending Log'!A:A,"<="&B7,'Spending Log'!C:C,"Other") -> 0 | P7: =SUM(L7:O7) -> 0
A8: =A7+7 -> 21 | B8: =A8+6 -> 27 | C8: =SUMIFS('Daily Summary'!B:B,'Daily Summary'!A:A,">="&A8,'Daily Summary'!A:A,"<="&B8) -> 0 | D8: =C8/7 -> 0 | E8: =SUMIFS('Daily Summary'!C:C,'Daily Summary'!A:A,">="&A8,'Daily Summary'!A:A,"<="&B8) -> 0 | F8: =E8/7 -> 0 | G8: =SUMIFS('Daily Summary'!D:D,'Daily Summary'!A:A,">="&A8,'Daily Summary'!A:A,"<="&B8) -> 0 | H8: =G8/7 -> 0 | I8: =SUMIFS('Daily Summary'!E:E,'Daily Summary'!A:A,">="&A8,'Daily Summary'!A:A,"<="&B8) -> 0 | J8: =I8/7 -> 0 | K8: =SUMIFS('Daily Summary'!F:F,'Daily Summary'!A:A,">="&A8,'Daily Summary'!A:A,"<="&B8) -> 0 | L8: =SUMIFS('Spending Log'!D:D,'Spending Log'!A:A,">="&A8,'Spending Log'!A:A,"<="&B8,'Spending Log'!C:C,"Groceries") -> 0 | M8: =SUMIFS('Spending Log'!D:D,'Spending Log'!A:A,">="&A8,'Spending Log'!A:A,"<="&B8,'Spending Log'!C:C,"Alcohol/Beer") -> 0 | N8: =SUMIFS('Spending Log'!D:D,'Spending Log'!A:A,">="&A8,'Spending Log'!A:A,"<="&B8,'Spending Log'!C:C,"Eating Out") -> 0 | O8: =SUMIFS('Spending Log'!D:D,'Spending Log'!A:A,">="&A8,'Spending Log'!A:A,"<="&B8,'Spending Log'!C:C,"Other") -> 0 | P8: =SUM(L8:O8) -> 0
A9: =A8+7 -> 28 | B9: =A9+6 -> 34 | C9: =SUMIFS('Daily Summary'!B:B,'Daily Summary'!A:A,">="&A9,'Daily Summary'!A:A,"<="&B9) -> 0 | D9: =C9/7 -> 0 | E9: =SUMIFS('Daily Summary'!C:C,'Daily Summary'!A:A,">="&A9,'Daily Summary'!A:A,"<="&B9) -> 0 | F9: =E9/7 -> 0 | G9: =SUMIFS('Daily Summary'!D:D,'Daily Summary'!A:A,">="&A9,'Daily Summary'!A:A,"<="&B9) -> 0 | H9: =G9/7 -> 0 | I9: =SUMIFS('Daily Summary'!E:E,'Daily Summary'!A:A,">="&A9,'Daily Summary'!A:A,"<="&B9) -> 0 | J9: =I9/7 -> 0 | K9: =SUMIFS('Daily Summary'!F:F,'Daily Summary'!A:A,">="&A9,'Daily Summary'!A:A,"<="&B9) -> 0 | L9: =SUMIFS('Spending Log'!D:D,'Spending Log'!A:A,">="&A9,'Spending Log'!A:A,"<="&B9,'Spending Log'!C:C,"Groceries") -> 0 | M9: =SUMIFS('Spending Log'!D:D,'Spending Log'!A:A,">="&A9,'Spending Log'!A:A,"<="&B9,'Spending Log'!C:C,"Alcohol/Beer") -> 0 | N9: =SUMIFS('Spending Log'!D:D,'Spending Log'!A:A,">="&A9,'Spending Log'!A:A,"<="&B9,'Spending Log'!C:C,"Eating Out") -> 0 | O9: =SUMIFS('Spending Log'!D:D,'Spending Log'!A:A,">="&A9,'Spending Log'!A:A,"<="&B9,'Spending Log'!C:C,"Other") -> 0 | P9: =SUM(L9:O9) -> 0
A10: =A9+7 -> 35 | B10: =A10+6 -> 41 | C10: =SUMIFS('Daily Summary'!B:B,'Daily Summary'!A:A,">="&A10,'Daily Summary'!A:A,"<="&B10) -> 0 | D10: =C10/7 -> 0 | E10: =SUMIFS('Daily Summary'!C:C,'Daily Summary'!A:A,">="&A10,'Daily Summary'!A:A,"<="&B10) -> 0 | F10: =E10/7 -> 0 | G10: =SUMIFS('Daily Summary'!D:D,'Daily Summary'!A:A,">="&A10,'Daily Summary'!A:A,"<="&B10) -> 0 | H10: =G10/7 -> 0 | I10: =SUMIFS('Daily Summary'!E:E,'Daily Summary'!A:A,">="&A10,'Daily Summary'!A:A,"<="&B10) -> 0 | J10: =I10/7 -> 0 | K10: =SUMIFS('Daily Summary'!F:F,'Daily Summary'!A:A,">="&A10,'Daily Summary'!A:A,"<="&B10) -> 0 | L10: =SUMIFS('Spending Log'!D:D,'Spending Log'!A:A,">="&A10,'Spending Log'!A:A,"<="&B10,'Spending Log'!C:C,"Groceries") -> 0 | M10: =SUMIFS('Spending Log'!D:D,'Spending Log'!A:A,">="&A10,'Spending Log'!A:A,"<="&B10,'Spending Log'!C:C,"Alcohol/Beer") -> 0 | N10: =SUMIFS('Spending Log'!D:D,'Spending Log'!A:A,">="&A10,'Spending Log'!A:A,"<="&B10,'Spending Log'!C:C,"Eating Out") -> 0 | O10: =SUMIFS('Spending Log'!D:D,'Spending Log'!A:A,">="&A10,'Spending Log'!A:A,"<="&B10,'Spending Log'!C:C,"Other") -> 0 | P10: =SUM(L10:O10) -> 0
A11: =A10+7 -> 42 | B11: =A11+6 -> 48 | C11: =SUMIFS('Daily Summary'!B:B,'Daily Summary'!A:A,">="&A11,'Daily Summary'!A:A,"<="&B11) -> 0 | D11: =C11/7 -> 0 | E11: =SUMIFS('Daily Summary'!C:C,'Daily Summary'!A:A,">="&A11,'Daily Summary'!A:A,"<="&B11) -> 0 | F11: =E11/7 -> 0 | G11: =SUMIFS('Daily Summary'!D:D,'Daily Summary'!A:A,">="&A11,'Daily Summary'!A:A,"<="&B11) -> 0 | H11: =G11/7 -> 0 | I11: =SUMIFS('Daily Summary'!E:E,'Daily Summary'!A:A,">="&A11,'Daily Summary'!A:A,"<="&B11) -> 0 | J11: =I11/7 -> 0 | K11: =SUMIFS('Daily Summary'!F:F,'Daily Summary'!A:A,">="&A11,'Daily Summary'!A:A,"<="&B11) -> 0 | L11: =SUMIFS('Spending Log'!D:D,'Spending Log'!A:A,">="&A11,'Spending Log'!A:A,"<="&B11,'Spending Log'!C:C,"Groceries") -> 0 | M11: =SUMIFS('Spending Log'!D:D,'Spending Log'!A:A,">="&A11,'Spending Log'!A:A,"<="&B11,'Spending Log'!C:C,"Alcohol/Beer") -> 0 | N11: =SUMIFS('Spending Log'!D:D,'Spending Log'!A:A,">="&A11,'Spending Log'!A:A,"<="&B11,'Spending Log'!C:C,"Eating Out") -> 0 | O11: =SUMIFS('Spending Log'!D:D,'Spending Log'!A:A,">="&A11,'Spending Log'!A:A,"<="&B11,'Spending Log'!C:C,"Other") -> 0 | P11: =SUM(L11:O11) -> 0
A12: =A11+7 -> 49 | B12: =A12+6 -> 55 | C12: =SUMIFS('Daily Summary'!B:B,'Daily Summary'!A:A,">="&A12,'Daily Summary'!A:A,"<="&B12) -> 0 | D12: =C12/7 -> 0 | E12: =SUMIFS('Daily Summary'!C:C,'Daily Summary'!A:A,">="&A12,'Daily Summary'!A:A,"<="&B12) -> 0 | F12: =E12/7 -> 0 | G12: =SUMIFS('Daily Summary'!D:D,'Daily Summary'!A:A,">="&A12,'Daily Summary'!A:A,"<="&B12) -> 0 | H12: =G12/7 -> 0 | I12: =SUMIFS('Daily Summary'!E:E,'Daily Summary'!A:A,">="&A12,'Daily Summary'!A:A,"<="&B12) -> 0 | J12: =I12/7 -> 0 | K12: =SUMIFS('Daily Summary'!F:F,'Daily Summary'!A:A,">="&A12,'Daily Summary'!A:A,"<="&B12) -> 0 | L12: =SUMIFS('Spending Log'!D:D,'Spending Log'!A:A,">="&A12,'Spending Log'!A:A,"<="&B12,'Spending Log'!C:C,"Groceries") -> 0 | M12: =SUMIFS('Spending Log'!D:D,'Spending Log'!A:A,">="&A12,'Spending Log'!A:A,"<="&B12,'Spending Log'!C:C,"Alcohol/Beer") -> 0 | N12: =SUMIFS('Spending Log'!D:D,'Spending Log'!A:A,">="&A12,'Spending Log'!A:A,"<="&B12,'Spending Log'!C:C,"Eating Out") -> 0 | O12: =SUMIFS('Spending Log'!D:D,'Spending Log'!A:A,">="&A12,'Spending Log'!A:A,"<="&B12,'Spending Log'!C:C,"Other") -> 0 | P12: =SUM(L12:O12) -> 0
A13: =A12+7 -> 56 | B13: =A13+6 -> 62 | C13: =SUMIFS('Daily Summary'!B:B,'Daily Summary'!A:A,">="&A13,'Daily Summary'!A:A,"<="&B13) -> 0 | D13: =C13/7 -> 0 | E13: =SUMIFS('Daily Summary'!C:C,'Daily Summary'!A:A,">="&A13,'Daily Summary'!A:A,"<="&B13) -> 0 | F13: =E13/7 -> 0 | G13: =SUMIFS('Daily Summary'!D:D,'Daily Summary'!A:A,">="&A13,'Daily Summary'!A:A,"<="&B13) -> 0 | H13: =G13/7 -> 0 | I13: =SUMIFS('Daily Summary'!E:E,'Daily Summary'!A:A,">="&A13,'Daily Summary'!A:A,"<="&B13) -> 0 | J13: =I13/7 -> 0 | K13: =SUMIFS('Daily Summary'!F:F,'Daily Summary'!A:A,">="&A13,'Daily Summary'!A:A,"<="&B13) -> 0 | L13: =SUMIFS('Spending Log'!D:D,'Spending Log'!A:A,">="&A13,'Spending Log'!A:A,"<="&B13,'Spending Log'!C:C,"Groceries") -> 0 | M13: =SUMIFS('Spending Log'!D:D,'Spending Log'!A:A,">="&A13,'Spending Log'!A:A,"<="&B13,'Spending Log'!C:C,"Alcohol/Beer") -> 0 | N13: =SUMIFS('Spending Log'!D:D,'Spending Log'!A:A,">="&A13,'Spending Log'!A:A,"<="&B13,'Spending Log'!C:C,"Eating Out") -> 0 | O13: =SUMIFS('Spending Log'!D:D,'Spending Log'!A:A,">="&A13,'Spending Log'!A:A,"<="&B13,'Spending Log'!C:C,"Other") -> 0 | P13: =SUM(L13:O13) -> 0
A14: =A13+7 -> 63 | B14: =A14+6 -> 69 | C14: =SUMIFS('Daily Summary'!B:B,'Daily Summary'!A:A,">="&A14,'Daily Summary'!A:A,"<="&B14) -> 0 | D14: =C14/7 -> 0 | E14: =SUMIFS('Daily Summary'!C:C,'Daily Summary'!A:A,">="&A14,'Daily Summary'!A:A,"<="&B14) -> 0 | F14: =E14/7 -> 0 | G14: =SUMIFS('Daily Summary'!D:D,'Daily Summary'!A:A,">="&A14,'Daily Summary'!A:A,"<="&B14) -> 0 | H14: =G14/7 -> 0 | I14: =SUMIFS('Daily Summary'!E:E,'Daily Summary'!A:A,">="&A14,'Daily Summary'!A:A,"<="&B14) -> 0 | J14: =I14/7 -> 0 | K14: =SUMIFS('Daily Summary'!F:F,'Daily Summary'!A:A,">="&A14,'Daily Summary'!A:A,"<="&B14) -> 0 | L14: =SUMIFS('Spending Log'!D:D,'Spending Log'!A:A,">="&A14,'Spending Log'!A:A,"<="&B14,'Spending Log'!C:C,"Groceries") -> 0 | M14: =SUMIFS('Spending Log'!D:D,'Spending Log'!A:A,">="&A14,'Spending Log'!A:A,"<="&B14,'Spending Log'!C:C,"Alcohol/Beer") -> 0 | N14: =SUMIFS('Spending Log'!D:D,'Spending Log'!A:A,">="&A14,'Spending Log'!A:A,"<="&B14,'Spending Log'!C:C,"Eating Out") -> 0 | O14: =SUMIFS('Spending Log'!D:D,'Spending Log'!A:A,">="&A14,'Spending Log'!A:A,"<="&B14,'Spending Log'!C:C,"Other") -> 0 | P14: =SUM(L14:O14) -> 0
A15: =A14+7 -> 70 | B15: =A15+6 -> 76 | C15: =SUMIFS('Daily Summary'!B:B,'Daily Summary'!A:A,">="&A15,'Daily Summary'!A:A,"<="&B15) -> 0 | D15: =C15/7 -> 0 | E15: =SUMIFS('Daily Summary'!C:C,'Daily Summary'!A:A,">="&A15,'Daily Summary'!A:A,"<="&B15) -> 0 | F15: =E15/7 -> 0 | G15: =SUMIFS('Daily Summary'!D:D,'Daily Summary'!A:A,">="&A15,'Daily Summary'!A:A,"<="&B15) -> 0 | H15: =G15/7 -> 0 | I15: =SUMIFS('Daily Summary'!E:E,'Daily Summary'!A:A,">="&A15,'Daily Summary'!A:A,"<="&B15) -> 0 | J15: =I15/7 -> 0 | K15: =SUMIFS('Daily Summary'!F:F,'Daily Summary'!A:A,">="&A15,'Daily Summary'!A:A,"<="&B15) -> 0 | L15: =SUMIFS('Spending Log'!D:D,'Spending Log'!A:A,">="&A15,'Spending Log'!A:A,"<="&B15,'Spending Log'!C:C,"Groceries") -> 0 | M15: =SUMIFS('Spending Log'!D:D,'Spending Log'!A:A,">="&A15,'Spending Log'!A:A,"<="&B15,'Spending Log'!C:C,"Alcohol/Beer") -> 0 | N15: =SUMIFS('Spending Log'!D:D,'Spending Log'!A:A,">="&A15,'Spending Log'!A:A,"<="&B15,'Spending Log'!C:C,"Eating Out") -> 0 | O15: =SUMIFS('Spending Log'!D:D,'Spending Log'!A:A,">="&A15,'Spending Log'!A:A,"<="&B15,'Spending Log'!C:C,"Other") -> 0 | P15: =SUM(L15:O15) -> 0
A16: =A15+7 -> 77 | B16: =A16+6 -> 83 | C16: =SUMIFS('Daily Summary'!B:B,'Daily Summary'!A:A,">="&A16,'Daily Summary'!A:A,"<="&B16) -> 0 | D16: =C16/7 -> 0 | E16: =SUMIFS('Daily Summary'!C:C,'Daily Summary'!A:A,">="&A16,'Daily Summary'!A:A,"<="&B16) -> 0 | F16: =E16/7 -> 0 | G16: =SUMIFS('Daily Summary'!D:D,'Daily Summary'!A:A,">="&A16,'Daily Summary'!A:A,"<="&B16) -> 0 | H16: =G16/7 -> 0 | I16: =SUMIFS('Daily Summary'!E:E,'Daily Summary'!A:A,">="&A16,'Daily Summary'!A:A,"<="&B16) -> 0 | J16: =I16/7 -> 0 | K16: =SUMIFS('Daily Summary'!F:F,'Daily Summary'!A:A,">="&A16,'Daily Summary'!A:A,"<="&B16) -> 0 | L16: =SUMIFS('Spending Log'!D:D,'Spending Log'!A:A,">="&A16,'Spending Log'!A:A,"<="&B16,'Spending Log'!C:C,"Groceries") -> 0 | M16: =SUMIFS('Spending Log'!D:D,'Spending Log'!A:A,">="&A16,'Spending Log'!A:A,"<="&B16,'Spending Log'!C:C,"Alcohol/Beer") -> 0 | N16: =SUMIFS('Spending Log'!D:D,'Spending Log'!A:A,">="&A16,'Spending Log'!A:A,"<="&B16,'Spending Log'!C:C,"Eating Out") -> 0 | O16: =SUMIFS('Spending Log'!D:D,'Spending Log'!A:A,">="&A16,'Spending Log'!A:A,"<="&B16,'Spending Log'!C:C,"Other") -> 0 | P16: =SUM(L16:O16) -> 0
A17: =A16+7 -> 84 | B17: =A17+6 -> 90 | C17: =SUMIFS('Daily Summary'!B:B,'Daily Summary'!A:A,">="&A17,'Daily Summary'!A:A,"<="&B17) -> 0 | D17: =C17/7 -> 0 | E17: =SUMIFS('Daily Summary'!C:C,'Daily Summary'!A:A,">="&A17,'Daily Summary'!A:A,"<="&B17) -> 0 | F17: =E17/7 -> 0 | G17: =SUMIFS('Daily Summary'!D:D,'Daily Summary'!A:A,">="&A17,'Daily Summary'!A:A,"<="&B17) -> 0 | H17: =G17/7 -> 0 | I17: =SUMIFS('Daily Summary'!E:E,'Daily Summary'!A:A,">="&A17,'Daily Summary'!A:A,"<="&B17) -> 0 | J17: =I17/7 -> 0 | K17: =SUMIFS('Daily Summary'!F:F,'Daily Summary'!A:A,">="&A17,'Daily Summary'!A:A,"<="&B17) -> 0 | L17: =SUMIFS('Spending Log'!D:D,'Spending Log'!A:A,">="&A17,'Spending Log'!A:A,"<="&B17,'Spending Log'!C:C,"Groceries") -> 0 | M17: =SUMIFS('Spending Log'!D:D,'Spending Log'!A:A,">="&A17,'Spending Log'!A:A,"<="&B17,'Spending Log'!C:C,"Alcohol/Beer") -> 0 | N17: =SUMIFS('Spending Log'!D:D,'Spending Log'!A:A,">="&A17,'Spending Log'!A:A,"<="&B17,'Spending Log'!C:C,"Eating Out") -> 0 | O17: =SUMIFS('Spending Log'!D:D,'Spending Log'!A:A,">="&A17,'Spending Log'!A:A,"<="&B17,'Spending Log'!C:C,"Other") -> 0 | P17: =SUM(L17:O17) -> 0
... A44: =A43+7 -> 273 | B44: =A44+6 -> 279 | C44: =SUMIFS('Daily Summary'!B:B,'Daily Summary'!A:A,">="&A44,'Daily Summary'!A:A,"<="&B44) -> 0 | D44: =C44/7 -> 0 | E44: =SUMIFS('Daily Summary'!C:C,'Daily Summary'!A:A,">="&A44,'Daily Summary'!A:A,"<="&B44) -> 0 | F44: =E44/7 -> 0 | G44: =SUMIFS('Daily Summary'!D:D,'Daily Summary'!A:A,">="&A44,'Daily Summary'!A:A,"<="&B44) -> 0 | H44: =G44/7 -> 0 | I44: =SUMIFS('Daily Summary'!E:E,'Daily Summary'!A:A,">="&A44,'Daily Summary'!A:A,"<="&B44) -> 0 | J44: =I44/7 -> 0 | K44: =SUMIFS('Daily Summary'!F:F,'Daily Summary'!A:A,">="&A44,'Daily Summary'!A:A,"<="&B44) -> 0 | L44: =SUMIFS('Spending Log'!D:D,'Spending Log'!A:A,">="&A44,'Spending Log'!A:A,"<="&B44,'Spending Log'!C:C,"Groceries") -> 0 | M44: =SUMIFS('Spending Log'!D:D,'Spending Log'!A:A,">="&A44,'Spending Log'!A:A,"<="&B44,'Spending Log'!C:C,"Alcohol/Beer") -> 0 | N44: =SUMIFS('Spending Log'!D:D,'Spending Log'!A:A,">="&A44,'Spending Log'!A:A,"<="&B44,'Spending Log'!C:C,"Eating Out") -> 0 | O44: =SUMIFS('Spending Log'!D:D,'Spending Log'!A:A,">="&A44,'Spending Log'!A:A,"<="&B44,'Spending Log'!C:C,"Other") -> 0 | P44: =SUM(L44:O44) -> 0

Sheet Monthly Rollup
A1: Monthly Rollup
A2: Calendar months, pre-built for ~24 months (a generous buffer past a typical multi-month timeline). Averages are per-day-of-month (total / days in that month), not per-day-logged.
A4: Month Start | B4: Month End | C4: Total Cal | D4: Avg Cal/day | E4: Total Protein (g) | F4: Avg Protein/day | G4: Total Carbs (g) | H4: Avg Carbs/day | I4: Total Fat (g) | J4: Avg Fat/day | K4: Total Alcohol Cal | L4: Groceries $ | M4: Alcohol/Beer $ | N4: Eating Out $ | O4: Other $ | P4: Total Spend $
B5: =EOMONTH(A5,0) -> 1 | C5: =SUMIFS('Daily Summary'!B:B,'Daily Summary'!A:A,">="&A5,'Daily Summary'!A:A,"<="&B5) -> 0 | D5: =C5/(B5-A5+1) -> 0 | E5: =SUMIFS('Daily Summary'!C:C,'Daily Summary'!A:A,">="&A5,'Daily Summary'!A:A,"<="&B5) -> 0 | F5: =E5/(B5-A5+1) -> 0 | G5: =SUMIFS('Daily Summary'!D:D,'Daily Summary'!A:A,">="&A5,'Daily Summary'!A:A,"<="&B5) -> 0 | H5: =G5/(B5-A5+1) -> 0 | I5: =SUMIFS('Daily Summary'!E:E,'Daily Summary'!A:A,">="&A5,'Daily Summary'!A:A,"<="&B5) -> 0 | J5: =I5/(B5-A5+1) -> 0 | K5: =SUMIFS('Daily Summary'!F:F,'Daily Summary'!A:A,">="&A5,'Daily Summary'!A:A,"<="&B5) -> 0 | L5: =SUMIFS('Spending Log'!D:D,'Spending Log'!A:A,">="&A5,'Spending Log'!A:A,"<="&B5,'Spending Log'!C:C,"Groceries") -> 0 | M5: =SUMIFS('Spending Log'!D:D,'Spending Log'!A:A,">="&A5,'Spending Log'!A:A,"<="&B5,'Spending Log'!C:C,"Alcohol/Beer") -> 0 | N5: =SUMIFS('Spending Log'!D:D,'Spending Log'!A:A,">="&A5,'Spending Log'!A:A,"<="&B5,'Spending Log'!C:C,"Eating Out") -> 0 | O5: =SUMIFS('Spending Log'!D:D,'Spending Log'!A:A,">="&A5,'Spending Log'!A:A,"<="&B5,'Spending Log'!C:C,"Other") -> 0 | P5: =SUM(L5:O5) -> 0
A6: =EDATE(A5,1) -> 31 | B6: =EOMONTH(A6,0) -> 32 | C6: =SUMIFS('Daily Summary'!B:B,'Daily Summary'!A:A,">="&A6,'Daily Summary'!A:A,"<="&B6) -> 0 | D6: =C6/(B6-A6+1) -> 0 | E6: =SUMIFS('Daily Summary'!C:C,'Daily Summary'!A:A,">="&A6,'Daily Summary'!A:A,"<="&B6) -> 0 | F6: =E6/(B6-A6+1) -> 0 | G6: =SUMIFS('Daily Summary'!D:D,'Daily Summary'!A:A,">="&A6,'Daily Summary'!A:A,"<="&B6) -> 0 | H6: =G6/(B6-A6+1) -> 0 | I6: =SUMIFS('Daily Summary'!E:E,'Daily Summary'!A:A,">="&A6,'Daily Summary'!A:A,"<="&B6) -> 0 | J6: =I6/(B6-A6+1) -> 0 | K6: =SUMIFS('Daily Summary'!F:F,'Daily Summary'!A:A,">="&A6,'Daily Summary'!A:A,"<="&B6) -> 0 | L6: =SUMIFS('Spending Log'!D:D,'Spending Log'!A:A,">="&A6,'Spending Log'!A:A,"<="&B6,'Spending Log'!C:C,"Groceries") -> 0 | M6: =SUMIFS('Spending Log'!D:D,'Spending Log'!A:A,">="&A6,'Spending Log'!A:A,"<="&B6,'Spending Log'!C:C,"Alcohol/Beer") -> 0 | N6: =SUMIFS('Spending Log'!D:D,'Spending Log'!A:A,">="&A6,'Spending Log'!A:A,"<="&B6,'Spending Log'!C:C,"Eating Out") -> 0 | O6: =SUMIFS('Spending Log'!D:D,'Spending Log'!A:A,">="&A6,'Spending Log'!A:A,"<="&B6,'Spending Log'!C:C,"Other") -> 0 | P6: =SUM(L6:O6) -> 0
A7: =EDATE(A6,1) -> 60 | B7: =EOMONTH(A7,0) -> 60 | C7: =SUMIFS('Daily Summary'!B:B,'Daily Summary'!A:A,">="&A7,'Daily Summary'!A:A,"<="&B7) -> 0 | D7: =C7/(B7-A7+1) -> 0 | E7: =SUMIFS('Daily Summary'!C:C,'Daily Summary'!A:A,">="&A7,'Daily Summary'!A:A,"<="&B7) -> 0 | F7: =E7/(B7-A7+1) -> 0 | G7: =SUMIFS('Daily Summary'!D:D,'Daily Summary'!A:A,">="&A7,'Daily Summary'!A:A,"<="&B7) -> 0 | H7: =G7/(B7-A7+1) -> 0 | I7: =SUMIFS('Daily Summary'!E:E,'Daily Summary'!A:A,">="&A7,'Daily Summary'!A:A,"<="&B7) -> 0 | J7: =I7/(B7-A7+1) -> 0 | K7: =SUMIFS('Daily Summary'!F:F,'Daily Summary'!A:A,">="&A7,'Daily Summary'!A:A,"<="&B7) -> 0 | L7: =SUMIFS('Spending Log'!D:D,'Spending Log'!A:A,">="&A7,'Spending Log'!A:A,"<="&B7,'Spending Log'!C:C,"Groceries") -> 0 | M7: =SUMIFS('Spending Log'!D:D,'Spending Log'!A:A,">="&A7,'Spending Log'!A:A,"<="&B7,'Spending Log'!C:C,"Alcohol/Beer") -> 0 | N7: =SUMIFS('Spending Log'!D:D,'Spending Log'!A:A,">="&A7,'Spending Log'!A:A,"<="&B7,'Spending Log'!C:C,"Eating Out") -> 0 | O7: =SUMIFS('Spending Log'!D:D,'Spending Log'!A:A,">="&A7,'Spending Log'!A:A,"<="&B7,'Spending Log'!C:C,"Other") -> 0 | P7: =SUM(L7:O7) -> 0
A8: =EDATE(A7,1) -> 88 | B8: =EOMONTH(A8,0) -> 91 | C8: =SUMIFS('Daily Summary'!B:B,'Daily Summary'!A:A,">="&A8,'Daily Summary'!A:A,"<="&B8) -> 0 | D8: =C8/(B8-A8+1) -> 0 | E8: =SUMIFS('Daily Summary'!C:C,'Daily Summary'!A:A,">="&A8,'Daily Summary'!A:A,"<="&B8) -> 0 | F8: =E8/(B8-A8+1) -> 0 | G8: =SUMIFS('Daily Summary'!D:D,'Daily Summary'!A:A,">="&A8,'Daily Summary'!A:A,"<="&B8) -> 0 | H8: =G8/(B8-A8+1) -> 0 | I8: =SUMIFS('Daily Summary'!E:E,'Daily Summary'!A:A,">="&A8,'Daily Summary'!A:A,"<="&B8) -> 0 | J8: =I8/(B8-A8+1) -> 0 | K8: =SUMIFS('Daily Summary'!F:F,'Daily Summary'!A:A,">="&A8,'Daily Summary'!A:A,"<="&B8) -> 0 | L8: =SUMIFS('Spending Log'!D:D,'Spending Log'!A:A,">="&A8,'Spending Log'!A:A,"<="&B8,'Spending Log'!C:C,"Groceries") -> 0 | M8: =SUMIFS('Spending Log'!D:D,'Spending Log'!A:A,">="&A8,'Spending Log'!A:A,"<="&B8,'Spending Log'!C:C,"Alcohol/Beer") -> 0 | N8: =SUMIFS('Spending Log'!D:D,'Spending Log'!A:A,">="&A8,'Spending Log'!A:A,"<="&B8,'Spending Log'!C:C,"Eating Out") -> 0 | O8: =SUMIFS('Spending Log'!D:D,'Spending Log'!A:A,">="&A8,'Spending Log'!A:A,"<="&B8,'Spending Log'!C:C,"Other") -> 0 | P8: =SUM(L8:O8) -> 0
A9: =EDATE(A8,1) -> 119 | B9: =EOMONTH(A9,0) -> 121 | C9: =SUMIFS('Daily Summary'!B:B,'Daily Summary'!A:A,">="&A9,'Daily Summary'!A:A,"<="&B9) -> 0 | D9: =C9/(B9-A9+1) -> 0 | E9: =SUMIFS('Daily Summary'!C:C,'Daily Summary'!A:A,">="&A9,'Daily Summary'!A:A,"<="&B9) -> 0 | F9: =E9/(B9-A9+1) -> 0 | G9: =SUMIFS('Daily Summary'!D:D,'Daily Summary'!A:A,">="&A9,'Daily Summary'!A:A,"<="&B9) -> 0 | H9: =G9/(B9-A9+1) -> 0 | I9: =SUMIFS('Daily Summary'!E:E,'Daily Summary'!A:A,">="&A9,'Daily Summary'!A:A,"<="&B9) -> 0 | J9: =I9/(B9-A9+1) -> 0 | K9: =SUMIFS('Daily Summary'!F:F,'Daily Summary'!A:A,">="&A9,'Daily Summary'!A:A,"<="&B9) -> 0 | L9: =SUMIFS('Spending Log'!D:D,'Spending Log'!A:A,">="&A9,'Spending Log'!A:A,"<="&B9,'Spending Log'!C:C,"Groceries") -> 0 | M9: =SUMIFS('Spending Log'!D:D,'Spending Log'!A:A,">="&A9,'Spending Log'!A:A,"<="&B9,'Spending Log'!C:C,"Alcohol/Beer") -> 0 | N9: =SUMIFS('Spending Log'!D:D,'Spending Log'!A:A,">="&A9,'Spending Log'!A:A,"<="&B9,'Spending Log'!C:C,"Eating Out") -> 0 | O9: =SUMIFS('Spending Log'!D:D,'Spending Log'!A:A,">="&A9,'Spending Log'!A:A,"<="&B9,'Spending Log'!C:C,"Other") -> 0 | P9: =SUM(L9:O9) -> 0
A10: =EDATE(A9,1) -> 149 | B10: =EOMONTH(A10,0) -> 152 | C10: =SUMIFS('Daily Summary'!B:B,'Daily Summary'!A:A,">="&A10,'Daily Summary'!A:A,"<="&B10) -> 0 | D10: =C10/(B10-A10+1) -> 0 | E10: =SUMIFS('Daily Summary'!C:C,'Daily Summary'!A:A,">="&A10,'Daily Summary'!A:A,"<="&B10) -> 0 | F10: =E10/(B10-A10+1) -> 0 | G10: =SUMIFS('Daily Summary'!D:D,'Daily Summary'!A:A,">="&A10,'Daily Summary'!A:A,"<="&B10) -> 0 | H10: =G10/(B10-A10+1) -> 0 | I10: =SUMIFS('Daily Summary'!E:E,'Daily Summary'!A:A,">="&A10,'Daily Summary'!A:A,"<="&B10) -> 0 | J10: =I10/(B10-A10+1) -> 0 | K10: =SUMIFS('Daily Summary'!F:F,'Daily Summary'!A:A,">="&A10,'Daily Summary'!A:A,"<="&B10) -> 0 | L10: =SUMIFS('Spending Log'!D:D,'Spending Log'!A:A,">="&A10,'Spending Log'!A:A,"<="&B10,'Spending Log'!C:C,"Groceries") -> 0 | M10: =SUMIFS('Spending Log'!D:D,'Spending Log'!A:A,">="&A10,'Spending Log'!A:A,"<="&B10,'Spending Log'!C:C,"Alcohol/Beer") -> 0 | N10: =SUMIFS('Spending Log'!D:D,'Spending Log'!A:A,">="&A10,'Spending Log'!A:A,"<="&B10,'Spending Log'!C:C,"Eating Out") -> 0 | O10: =SUMIFS('Spending Log'!D:D,'Spending Log'!A:A,">="&A10,'Spending Log'!A:A,"<="&B10,'Spending Log'!C:C,"Other") -> 0 | P10: =SUM(L10:O10) -> 0
A11: =EDATE(A10,1) -> 180 | B11: =EOMONTH(A11,0) -> 182 | C11: =SUMIFS('Daily Summary'!B:B,'Daily Summary'!A:A,">="&A11,'Daily Summary'!A:A,"<="&B11) -> 0 | D11: =C11/(B11-A11+1) -> 0 | E11: =SUMIFS('Daily Summary'!C:C,'Daily Summary'!A:A,">="&A11,'Daily Summary'!A:A,"<="&B11) -> 0 | F11: =E11/(B11-A11+1) -> 0 | G11: =SUMIFS('Daily Summary'!D:D,'Daily Summary'!A:A,">="&A11,'Daily Summary'!A:A,"<="&B11) -> 0 | H11: =G11/(B11-A11+1) -> 0 | I11: =SUMIFS('Daily Summary'!E:E,'Daily Summary'!A:A,">="&A11,'Daily Summary'!A:A,"<="&B11) -> 0 | J11: =I11/(B11-A11+1) -> 0 | K11: =SUMIFS('Daily Summary'!F:F,'Daily Summary'!A:A,">="&A11,'Daily Summary'!A:A,"<="&B11) -> 0 | L11: =SUMIFS('Spending Log'!D:D,'Spending Log'!A:A,">="&A11,'Spending Log'!A:A,"<="&B11,'Spending Log'!C:C,"Groceries") -> 0 | M11: =SUMIFS('Spending Log'!D:D,'Spending Log'!A:A,">="&A11,'Spending Log'!A:A,"<="&B11,'Spending Log'!C:C,"Alcohol/Beer") -> 0 | N11: =SUMIFS('Spending Log'!D:D,'Spending Log'!A:A,">="&A11,'Spending Log'!A:A,"<="&B11,'Spending Log'!C:C,"Eating Out") -> 0 | O11: =SUMIFS('Spending Log'!D:D,'Spending Log'!A:A,">="&A11,'Spending Log'!A:A,"<="&B11,'Spending Log'!C:C,"Other") -> 0 | P11: =SUM(L11:O11) -> 0
A12: =EDATE(A11,1) -> 210 | B12: =EOMONTH(A12,0) -> 213 | C12: =SUMIFS('Daily Summary'!B:B,'Daily Summary'!A:A,">="&A12,'Daily Summary'!A:A,"<="&B12) -> 0 | D12: =C12/(B12-A12+1) -> 0 | E12: =SUMIFS('Daily Summary'!C:C,'Daily Summary'!A:A,">="&A12,'Daily Summary'!A:A,"<="&B12) -> 0 | F12: =E12/(B12-A12+1) -> 0 | G12: =SUMIFS('Daily Summary'!D:D,'Daily Summary'!A:A,">="&A12,'Daily Summary'!A:A,"<="&B12) -> 0 | H12: =G12/(B12-A12+1) -> 0 | I12: =SUMIFS('Daily Summary'!E:E,'Daily Summary'!A:A,">="&A12,'Daily Summary'!A:A,"<="&B12) -> 0 | J12: =I12/(B12-A12+1) -> 0 | K12: =SUMIFS('Daily Summary'!F:F,'Daily Summary'!A:A,">="&A12,'Daily Summary'!A:A,"<="&B12) -> 0 | L12: =SUMIFS('Spending Log'!D:D,'Spending Log'!A:A,">="&A12,'Spending Log'!A:A,"<="&B12,'Spending Log'!C:C,"Groceries") -> 0 | M12: =SUMIFS('Spending Log'!D:D,'Spending Log'!A:A,">="&A12,'Spending Log'!A:A,"<="&B12,'Spending Log'!C:C,"Alcohol/Beer") -> 0 | N12: =SUMIFS('Spending Log'!D:D,'Spending Log'!A:A,">="&A12,'Spending Log'!A:A,"<="&B12,'Spending Log'!C:C,"Eating Out") -> 0 | O12: =SUMIFS('Spending Log'!D:D,'Spending Log'!A:A,">="&A12,'Spending Log'!A:A,"<="&B12,'Spending Log'!C:C,"Other") -> 0 | P12: =SUM(L12:O12) -> 0
A13: =EDATE(A12,1) -> 241 | B13: =EOMONTH(A13,0) -> 244 | C13: =SUMIFS('Daily Summary'!B:B,'Daily Summary'!A:A,">="&A13,'Daily Summary'!A:A,"<="&B13) -> 0 | D13: =C13/(B13-A13+1) -> 0 | E13: =SUMIFS('Daily Summary'!C:C,'Daily Summary'!A:A,">="&A13,'Daily Summary'!A:A,"<="&B13) -> 0 | F13: =E13/(B13-A13+1) -> 0 | G13: =SUMIFS('Daily Summary'!D:D,'Daily Summary'!A:A,">="&A13,'Daily Summary'!A:A,"<="&B13) -> 0 | H13: =G13/(B13-A13+1) -> 0 | I13: =SUMIFS('Daily Summary'!E:E,'Daily Summary'!A:A,">="&A13,'Daily Summary'!A:A,"<="&B13) -> 0 | J13: =I13/(B13-A13+1) -> 0 | K13: =SUMIFS('Daily Summary'!F:F,'Daily Summary'!A:A,">="&A13,'Daily Summary'!A:A,"<="&B13) -> 0 | L13: =SUMIFS('Spending Log'!D:D,'Spending Log'!A:A,">="&A13,'Spending Log'!A:A,"<="&B13,'Spending Log'!C:C,"Groceries") -> 0 | M13: =SUMIFS('Spending Log'!D:D,'Spending Log'!A:A,">="&A13,'Spending Log'!A:A,"<="&B13,'Spending Log'!C:C,"Alcohol/Beer") -> 0 | N13: =SUMIFS('Spending Log'!D:D,'Spending Log'!A:A,">="&A13,'Spending Log'!A:A,"<="&B13,'Spending Log'!C:C,"Eating Out") -> 0 | O13: =SUMIFS('Spending Log'!D:D,'Spending Log'!A:A,">="&A13,'Spending Log'!A:A,"<="&B13,'Spending Log'!C:C,"Other") -> 0 | P13: =SUM(L13:O13) -> 0
A14: =EDATE(A13,1) -> 272 | B14: =EOMONTH(A14,0) -> 274 | C14: =SUMIFS('Daily Summary'!B:B,'Daily Summary'!A:A,">="&A14,'Daily Summary'!A:A,"<="&B14) -> 0 | D14: =C14/(B14-A14+1) -> 0 | E14: =SUMIFS('Daily Summary'!C:C,'Daily Summary'!A:A,">="&A14,'Daily Summary'!A:A,"<="&B14) -> 0 | F14: =E14/(B14-A14+1) -> 0 | G14: =SUMIFS('Daily Summary'!D:D,'Daily Summary'!A:A,">="&A14,'Daily Summary'!A:A,"<="&B14) -> 0 | H14: =G14/(B14-A14+1) -> 0 | I14: =SUMIFS('Daily Summary'!E:E,'Daily Summary'!A:A,">="&A14,'Daily Summary'!A:A,"<="&B14) -> 0 | J14: =I14/(B14-A14+1) -> 0 | K14: =SUMIFS('Daily Summary'!F:F,'Daily Summary'!A:A,">="&A14,'Daily Summary'!A:A,"<="&B14) -> 0 | L14: =SUMIFS('Spending Log'!D:D,'Spending Log'!A:A,">="&A14,'Spending Log'!A:A,"<="&B14,'Spending Log'!C:C,"Groceries") -> 0 | M14: =SUMIFS('Spending Log'!D:D,'Spending Log'!A:A,">="&A14,'Spending Log'!A:A,"<="&B14,'Spending Log'!C:C,"Alcohol/Beer") -> 0 | N14: =SUMIFS('Spending Log'!D:D,'Spending Log'!A:A,">="&A14,'Spending Log'!A:A,"<="&B14,'Spending Log'!C:C,"Eating Out") -> 0 | O14: =SUMIFS('Spending Log'!D:D,'Spending Log'!A:A,">="&A14,'Spending Log'!A:A,"<="&B14,'Spending Log'!C:C,"Other") -> 0 | P14: =SUM(L14:O14) -> 0
A15: =EDATE(A14,1) -> 302 | B15: =EOMONTH(A15,0) -> 305 | C15: =SUMIFS('Daily Summary'!B:B,'Daily Summary'!A:A,">="&A15,'Daily Summary'!A:A,"<="&B15) -> 0 | D15: =C15/(B15-A15+1) -> 0 | E15: =SUMIFS('Daily Summary'!C:C,'Daily Summary'!A:A,">="&A15,'Daily Summary'!A:A,"<="&B15) -> 0 | F15: =E15/(B15-A15+1) -> 0 | G15: =SUMIFS('Daily Summary'!D:D,'Daily Summary'!A:A,">="&A15,'Daily Summary'!A:A,"<="&B15) -> 0 | H15: =G15/(B15-A15+1) -> 0 | I15: =SUMIFS('Daily Summary'!E:E,'Daily Summary'!A:A,">="&A15,'Daily Summary'!A:A,"<="&B15) -> 0 | J15: =I15/(B15-A15+1) -> 0 | K15: =SUMIFS('Daily Summary'!F:F,'Daily Summary'!A:A,">="&A15,'Daily Summary'!A:A,"<="&B15) -> 0 | L15: =SUMIFS('Spending Log'!D:D,'Spending Log'!A:A,">="&A15,'Spending Log'!A:A,"<="&B15,'Spending Log'!C:C,"Groceries") -> 0 | M15: =SUMIFS('Spending Log'!D:D,'Spending Log'!A:A,">="&A15,'Spending Log'!A:A,"<="&B15,'Spending Log'!C:C,"Alcohol/Beer") -> 0 | N15: =SUMIFS('Spending Log'!D:D,'Spending Log'!A:A,">="&A15,'Spending Log'!A:A,"<="&B15,'Spending Log'!C:C,"Eating Out") -> 0 | O15: =SUMIFS('Spending Log'!D:D,'Spending Log'!A:A,">="&A15,'Spending Log'!A:A,"<="&B15,'Spending Log'!C:C,"Other") -> 0 | P15: =SUM(L15:O15) -> 0
A16: =EDATE(A15,1) -> 333 | B16: =EOMONTH(A16,0) -> 335 | C16: =SUMIFS('Daily Summary'!B:B,'Daily Summary'!A:A,">="&A16,'Daily Summary'!A:A,"<="&B16) -> 0 | D16: =C16/(B16-A16+1) -> 0 | E16: =SUMIFS('Daily Summary'!C:C,'Daily Summary'!A:A,">="&A16,'Daily Summary'!A:A,"<="&B16) -> 0 | F16: =E16/(B16-A16+1) -> 0 | G16: =SUMIFS('Daily Summary'!D:D,'Daily Summary'!A:A,">="&A16,'Daily Summary'!A:A,"<="&B16) -> 0 | H16: =G16/(B16-A16+1) -> 0 | I16: =SUMIFS('Daily Summary'!E:E,'Daily Summary'!A:A,">="&A16,'Daily Summary'!A:A,"<="&B16) -> 0 | J16: =I16/(B16-A16+1) -> 0 | K16: =SUMIFS('Daily Summary'!F:F,'Daily Summary'!A:A,">="&A16,'Daily Summary'!A:A,"<="&B16) -> 0 | L16: =SUMIFS('Spending Log'!D:D,'Spending Log'!A:A,">="&A16,'Spending Log'!A:A,"<="&B16,'Spending Log'!C:C,"Groceries") -> 0 | M16: =SUMIFS('Spending Log'!D:D,'Spending Log'!A:A,">="&A16,'Spending Log'!A:A,"<="&B16,'Spending Log'!C:C,"Alcohol/Beer") -> 0 | N16: =SUMIFS('Spending Log'!D:D,'Spending Log'!A:A,">="&A16,'Spending Log'!A:A,"<="&B16,'Spending Log'!C:C,"Eating Out") -> 0 | O16: =SUMIFS('Spending Log'!D:D,'Spending Log'!A:A,">="&A16,'Spending Log'!A:A,"<="&B16,'Spending Log'!C:C,"Other") -> 0 | P16: =SUM(L16:O16) -> 0
A17: =EDATE(A16,1) -> 363 | B17: =EOMONTH(A17,0) -> 366 | C17: =SUMIFS('Daily Summary'!B:B,'Daily Summary'!A:A,">="&A17,'Daily Summary'!A:A,"<="&B17) -> 0 | D17: =C17/(B17-A17+1) -> 0 | E17: =SUMIFS('Daily Summary'!C:C,'Daily Summary'!A:A,">="&A17,'Daily Summary'!A:A,"<="&B17) -> 0 | F17: =E17/(B17-A17+1) -> 0 | G17: =SUMIFS('Daily Summary'!D:D,'Daily Summary'!A:A,">="&A17,'Daily Summary'!A:A,"<="&B17) -> 0 | H17: =G17/(B17-A17+1) -> 0 | I17: =SUMIFS('Daily Summary'!E:E,'Daily Summary'!A:A,">="&A17,'Daily Summary'!A:A,"<="&B17) -> 0 | J17: =I17/(B17-A17+1) -> 0 | K17: =SUMIFS('Daily Summary'!F:F,'Daily Summary'!A:A,">="&A17,'Daily Summary'!A:A,"<="&B17) -> 0 | L17: =SUMIFS('Spending Log'!D:D,'Spending Log'!A:A,">="&A17,'Spending Log'!A:A,"<="&B17,'Spending Log'!C:C,"Groceries") -> 0 | M17: =SUMIFS('Spending Log'!D:D,'Spending Log'!A:A,">="&A17,'Spending Log'!A:A,"<="&B17,'Spending Log'!C:C,"Alcohol/Beer") -> 0 | N17: =SUMIFS('Spending Log'!D:D,'Spending Log'!A:A,">="&A17,'Spending Log'!A:A,"<="&B17,'Spending Log'!C:C,"Eating Out") -> 0 | O17: =SUMIFS('Spending Log'!D:D,'Spending Log'!A:A,">="&A17,'Spending Log'!A:A,"<="&B17,'Spending Log'!C:C,"Other") -> 0 | P17: =SUM(L17:O17) -> 0
... A28: =EDATE(A27,1) -> 698 | B28: =EOMONTH(A28,0) -> 700 | C28: =SUMIFS('Daily Summary'!B:B,'Daily Summary'!A:A,">="&A28,'Daily Summary'!A:A,"<="&B28) -> 0 | D28: =C28/(B28-A28+1) -> 0 | E28: =SUMIFS('Daily Summary'!C:C,'Daily Summary'!A:A,">="&A28,'Daily Summary'!A:A,"<="&B28) -> 0 | F28: =E28/(B28-A28+1) -> 0 | G28: =SUMIFS('Daily Summary'!D:D,'Daily Summary'!A:A,">="&A28,'Daily Summary'!A:A,"<="&B28) -> 0 | H28: =G28/(B28-A28+1) -> 0 | I28: =SUMIFS('Daily Summary'!E:E,'Daily Summary'!A:A,">="&A28,'Daily Summary'!A:A,"<="&B28) -> 0 | J28: =I28/(B28-A28+1) -> 0 | K28: =SUMIFS('Daily Summary'!F:F,'Daily Summary'!A:A,">="&A28,'Daily Summary'!A:A,"<="&B28) -> 0 | L28: =SUMIFS('Spending Log'!D:D,'Spending Log'!A:A,">="&A28,'Spending Log'!A:A,"<="&B28,'Spending Log'!C:C,"Groceries") -> 0 | M28: =SUMIFS('Spending Log'!D:D,'Spending Log'!A:A,">="&A28,'Spending Log'!A:A,"<="&B28,'Spending Log'!C:C,"Alcohol/Beer") -> 0 | N28: =SUMIFS('Spending Log'!D:D,'Spending Log'!A:A,">="&A28,'Spending Log'!A:A,"<="&B28,'Spending Log'!C:C,"Eating Out") -> 0 | O28: =SUMIFS('Spending Log'!D:D,'Spending Log'!A:A,">="&A28,'Spending Log'!A:A,"<="&B28,'Spending Log'!C:C,"Other") -> 0 | P28: =SUM(L28:O28) -> 0

Sheet Food Log
A1: Date | B1: Item | C1: Calories | D1: Protein (g) | E1: Carbs (g) | F1: Fat (g) | G1: Alcohol? | H1: Confidence

Sheet Spending Log
A1: Date | B1: Vendor | C1: Category | D1: Amount | E1: Notes

Sheet Grocery Purchases
A1: Date | B1: Item | C1: Qty/Size | D1: Price | E1: Food Category | F1: Est. Protein (g, total) | G1: Est. Calories (total) | H1: $/g Protein | I1: $/1000 kcal | J1: Notes
H2: =IF(OR(B2="",F2="",F2=0),"",D2/F2) | I2: =IF(OR(B2="",G2="",G2=0),"",D2/G2*1000)
H3: =IF(OR(B3="",F3="",F3=0),"",D3/F3) | I3: =IF(OR(B3="",G3="",G3=0),"",D3/G3*1000)
H4: =IF(OR(B4="",F4="",F4=0),"",D4/F4) | I4: =IF(OR(B4="",G4="",G4=0),"",D4/G4*1000)
H5: =IF(OR(B5="",F5="",F5=0),"",D5/F5) | I5: =IF(OR(B5="",G5="",G5=0),"",D5/G5*1000)
H6: =IF(OR(B6="",F6="",F6=0),"",D6/F6) | I6: =IF(OR(B6="",G6="",G6=0),"",D6/G6*1000)
H7: =IF(OR(B7="",F7="",F7=0),"",D7/F7) | I7: =IF(OR(B7="",G7="",G7=0),"",D7/G7*1000)
H8: =IF(OR(B8="",F8="",F8=0),"",D8/F8) | I8: =IF(OR(B8="",G8="",G8=0),"",D8/G8*1000)
H9: =IF(OR(B9="",F9="",F9=0),"",D9/F9) | I9: =IF(OR(B9="",G9="",G9=0),"",D9/G9*1000)
H10: =IF(OR(B10="",F10="",F10=0),"",D10/F10) | I10: =IF(OR(B10="",G10="",G10=0),"",D10/G10*1000)
H11: =IF(OR(B11="",F11="",F11=0),"",D11/F11) | I11: =IF(OR(B11="",G11="",G11=0),"",D11/G11*1000)
H12: =IF(OR(B12="",F12="",F12=0),"",D12/F12) | I12: =IF(OR(B12="",G12="",G12=0),"",D12/G12*1000)
H13: =IF(OR(B13="",F13="",F13=0),"",D13/F13) | I13: =IF(OR(B13="",G13="",G13=0),"",D13/G13*1000)
... H500: =IF(OR(B500="",F500="",F500=0),"",D500/F500) | I500: =IF(OR(B500="",G500="",G500=0),"",D500/G500*1000)
A502: No purchases logged yet. Rows get added here (in blue) whenever a grocery receipt comes in - see grocery-purchases.md for the matching raw entries. Protein/calorie totals are Claude's estimate for the full quantity purchased, marked [estimated] in the Notes column unless a label made it [exact]. Columns H and I are pre-built formulas, they fill in automatically once a row has Price + protein/calories.

Sheet Cost per Macro
A1: Cost per Macro - Grocery Value View
A2: Live formula view of the Grocery Purchases tab. Green = better value (low $ per gram of protein), red = weaker value. Rows stay blank until Grocery Purchases has data. This does not re-sort itself - ask Claude for buy-next-time advice and it will read this tab plus recent purchases directly.
A4: Date | B4: Item | C4: Qty/Size | D4: Price | E4: Est. Protein (g) | F4: Est. Calories | G4: $/g Protein | H4: $/1000 kcal
A5: =IF('Grocery Purchases'!B2="","",'Grocery Purchases'!A2) | B5: =IF('Grocery Purchases'!B2="","",'Grocery Purchases'!B2) | C5: =IF('Grocery Purchases'!B2="","",'Grocery Purchases'!C2) | D5: =IF('Grocery Purchases'!B2="","",'Grocery Purchases'!D2) | E5: =IF('Grocery Purchases'!B2="","",'Grocery Purchases'!F2) | F5: =IF('Grocery Purchases'!B2="","",'Grocery Purchases'!G2) | G5: =IF('Grocery Purchases'!B2="","",'Grocery Purchases'!H2) | H5: =IF('Grocery Purchases'!B2="","",'Grocery Purchases'!I2)
A6: =IF('Grocery Purchases'!B3="","",'Grocery Purchases'!A3) | B6: =IF('Grocery Purchases'!B3="","",'Grocery Purchases'!B3) | C6: =IF('Grocery Purchases'!B3="","",'Grocery Purchases'!C3) | D6: =IF('Grocery Purchases'!B3="","",'Grocery Purchases'!D3) | E6: =IF('Grocery Purchases'!B3="","",'Grocery Purchases'!F3) | F6: =IF('Grocery Purchases'!B3="","",'Grocery Purchases'!G3) | G6: =IF('Grocery Purchases'!B3="","",'Grocery Purchases'!H3) | H6: =IF('Grocery Purchases'!B3="","",'Grocery Purchases'!I3)
A7: =IF('Grocery Purchases'!B4="","",'Grocery Purchases'!A4) | B7: =IF('Grocery Purchases'!B4="","",'Grocery Purchases'!B4) | C7: =IF('Grocery Purchases'!B4="","",'Grocery Purchases'!C4) | D7: =IF('Grocery Purchases'!B4="","",'Grocery Purchases'!D4) | E7: =IF('Grocery Purchases'!B4="","",'Grocery Purchases'!F4) | F7: =IF('Grocery Purchases'!B4="","",'Grocery Purchases'!G4) | G7: =IF('Grocery Purchases'!B4="","",'Grocery Purchases'!H4) | H7: =IF('Grocery Purchases'!B4="","",'Grocery Purchases'!I4)
A8: =IF('Grocery Purchases'!B5="","",'Grocery Purchases'!A5) | B8: =IF('Grocery Purchases'!B5="","",'Grocery Purchases'!B5) | C8: =IF('Grocery Purchases'!B5="","",'Grocery Purchases'!C5) | D8: =IF('Grocery Purchases'!B5="","",'Grocery Purchases'!D5) | E8: =IF('Grocery Purchases'!B5="","",'Grocery Purchases'!F5) | F8: =IF('Grocery Purchases'!B5="","",'Grocery Purchases'!G5) | G8: =IF('Grocery Purchases'!B5="","",'Grocery Purchases'!H5) | H8: =IF('Grocery Purchases'!B5="","",'Grocery Purchases'!I5)
A9: =IF('Grocery Purchases'!B6="","",'Grocery Purchases'!A6) | B9: =IF('Grocery Purchases'!B6="","",'Grocery Purchases'!B6) | C9: =IF('Grocery Purchases'!B6="","",'Grocery Purchases'!C6) | D9: =IF('Grocery Purchases'!B6="","",'Grocery Purchases'!D6) | E9: =IF('Grocery Purchases'!B6="","",'Grocery Purchases'!F6) | F9: =IF('Grocery Purchases'!B6="","",'Grocery Purchases'!G6) | G9: =IF('Grocery Purchases'!B6="","",'Grocery Purchases'!H6) | H9: =IF('Grocery Purchases'!B6="","",'Grocery Purchases'!I6)
A10: =IF('Grocery Purchases'!B7="","",'Grocery Purchases'!A7) | B10: =IF('Grocery Purchases'!B7="","",'Grocery Purchases'!B7) | C10: =IF('Grocery Purchases'!B7="","",'Grocery Purchases'!C7) | D10: =IF('Grocery Purchases'!B7="","",'Grocery Purchases'!D7) | E10: =IF('Grocery Purchases'!B7="","",'Grocery Purchases'!F7) | F10: =IF('Grocery Purchases'!B7="","",'Grocery Purchases'!G7) | G10: =IF('Grocery Purchases'!B7="","",'Grocery Purchases'!H7) | H10: =IF('Grocery Purchases'!B7="","",'Grocery Purchases'!I7)
A11: =IF('Grocery Purchases'!B8="","",'Grocery Purchases'!A8) | B11: =IF('Grocery Purchases'!B8="","",'Grocery Purchases'!B8) | C11: =IF('Grocery Purchases'!B8="","",'Grocery Purchases'!C8) | D11: =IF('Grocery Purchases'!B8="","",'Grocery Purchases'!D8) | E11: =IF('Grocery Purchases'!B8="","",'Grocery Purchases'!F8) | F11: =IF('Grocery Purchases'!B8="","",'Grocery Purchases'!G8) | G11: =IF('Grocery Purchases'!B8="","",'Grocery Purchases'!H8) | H11: =IF('Grocery Purchases'!B8="","",'Grocery Purchases'!I8)
A12: =IF('Grocery Purchases'!B9="","",'Grocery Purchases'!A9) | B12: =IF('Grocery Purchases'!B9="","",'Grocery Purchases'!B9) | C12: =IF('Grocery Purchases'!B9="","",'Grocery Purchases'!C9) | D12: =IF('Grocery Purchases'!B9="","",'Grocery Purchases'!D9) | E12: =IF('Grocery Purchases'!B9="","",'Grocery Purchases'!F9) | F12: =IF('Grocery Purchases'!B9="","",'Grocery Purchases'!G9) | G12: =IF('Grocery Purchases'!B9="","",'Grocery Purchases'!H9) | H12: =IF('Grocery Purchases'!B9="","",'Grocery Purchases'!I9)
A13: =IF('Grocery Purchases'!B10="","",'Grocery Purchases'!A10) | B13: =IF('Grocery Purchases'!B10="","",'Grocery Purchases'!B10) | C13: =IF('Grocery Purchases'!B10="","",'Grocery Purchases'!C10) | D13: =IF('Grocery Purchases'!B10="","",'Grocery Purchases'!D10) | E13: =IF('Grocery Purchases'!B10="","",'Grocery Purchases'!F10) | F13: =IF('Grocery Purchases'!B10="","",'Grocery Purchases'!G10) | G13: =IF('Grocery Purchases'!B10="","",'Grocery Purchases'!H10) | H13: =IF('Grocery Purchases'!B10="","",'Grocery Purchases'!I10)
A14: =IF('Grocery Purchases'!B11="","",'Grocery Purchases'!A11) | B14: =IF('Grocery Purchases'!B11="","",'Grocery Purchases'!B11) | C14: =IF('Grocery Purchases'!B11="","",'Grocery Purchases'!C11) | D14: =IF('Grocery Purchases'!B11="","",'Grocery Purchases'!D11) | E14: =IF('Grocery Purchases'!B11="","",'Grocery Purchases'!F11) | F14: =IF('Grocery Purchases'!B11="","",'Grocery Purchases'!G11) | G14: =IF('Grocery Purchases'!B11="","",'Grocery Purchases'!H11) | H14: =IF('Grocery Purchases'!B11="","",'Grocery Purchases'!I11)
A15: =IF('Grocery Purchases'!B12="","",'Grocery Purchases'!A12) | B15: =IF('Grocery Purchases'!B12="","",'Grocery Purchases'!B12) | C15: =IF('Grocery Purchases'!B12="","",'Grocery Purchases'!C12) | D15: =IF('Grocery Purchases'!B12="","",'Grocery Purchases'!D12) | E15: =IF('Grocery Purchases'!B12="","",'Grocery Purchases'!F12) | F15: =IF('Grocery Purchases'!B12="","",'Grocery Purchases'!G12) | G15: =IF('Grocery Purchases'!B12="","",'Grocery Purchases'!H12) | H15: =IF('Grocery Purchases'!B12="","",'Grocery Purchases'!I12)
A16: =IF('Grocery Purchases'!B13="","",'Grocery Purchases'!A13) | B16: =IF('Grocery Purchases'!B13="","",'Grocery Purchases'!B13) | C16: =IF('Grocery Purchases'!B13="","",'Grocery Purchases'!C13) | D16: =IF('Grocery Purchases'!B13="","",'Grocery Purchases'!D13) | E16: =IF('Grocery Purchases'!B13="","",'Grocery Purchases'!F13) | F16: =IF('Grocery Purchases'!B13="","",'Grocery Purchases'!G13) | G16: =IF('Grocery Purchases'!B13="","",'Grocery Purchases'!H13) | H16: =IF('Grocery Purchases'!B13="","",'Grocery Purchases'!I13)
... A503: =IF('Grocery Purchases'!B500="","",'Grocery Purchases'!A500) | B503: =IF('Grocery Purchases'!B500="","",'Grocery Purchases'!B500) | C503: =IF('Grocery Purchases'!B500="","",'Grocery Purchases'!C500) | D503: =IF('Grocery Purchases'!B500="","",'Grocery Purchases'!D500) | E503: =IF('Grocery Purchases'!B500="","",'Grocery Purchases'!F500) | F503: =IF('Grocery Purchases'!B500="","",'Grocery Purchases'!G500) | G503: =IF('Grocery Purchases'!B500="","",'Grocery Purchases'!H500) | H503: =IF('Grocery Purchases'!B500="","",'Grocery Purchases'!I500)

Sheet Profile & Targets
A1: Profile & Targets
A4: STATS
A5: Age
A6: Height
A7: Morning weight (lb)
A8: Goal weight (lb)
A9: Lb to lose
A10: Sex
A11: Activity level
A12: Chosen deficit (kcal/day)
A13: Location
A14: Diet history
... A29: Daily avg alcohol budget (kcal/day)
A30: Food-only calorie budget (kcal/day) | B30: =B24-B29 -> 0
A32: TIMELINE
A33: Estimated weeks to goal at this deficit
A34: Estimated goal date
A36: EVIDENCE BASIS
A39: OPEN ASSUMPTIONS (do not re-ask - correct only if the person volunteers otherwise)
